{
  "annotations": {
    "list": [
      {
        "builtIn": 1,
        "datasource": "-- Grafana --",
        "enable": true,
        "hide": true,
        "iconColor": "rgba(0, 211, 255, 1)",
        "name": "Annotations & Alerts",
        "type": "dashboard"
      }
    ]
  },
  "editable": true,
  "gnetId": null,
  "graphTooltip": 0,
  "id": 7,
  "iteration": 1643426011439,
  "links": [
    {
      "asDropdown": false,
      "icon": "external link",
      "tags": [
        "suricata"
      ],
      "title": "",
      "type": "dashboards"
    }
  ],
  "panels": [
    {
      "columns": [
        {
          "text": "alert.severity",
          "value": "suricata.eve.alert.severity"
        },
        {
          "text": "_id",
          "value": "_id"
        },
        {
          "text": "src_ip",
          "value": "suricata.eve.src_ip"
        },
        {
          "text": "dest_ip",
          "value": "suricata.eve.dest_ip"
        },
        {
          "text": "dest_port",
          "value": "suricata.eve.dest_port"
        },
        {
          "text": "alert.signature",
          "value": "suricata.eve.alert.signature"
        },
        {
          "text": "alert.category",
          "value": "suricata.eve.alert.category"
        },
        {
          "text": "ids_rule_type",
          "value": "suricata.eve.ids_rule_type"
        },
        {
          "text": "in_iface",
          "value": "suricata.eve.in_iface"
        },
        {
          "text": "@timestamp",
          "value": "@timestamp"
        }
      ],
      "datasource": "suricata",
      "description": "The last 500 events are shown here. Click the entries for more detailed information.",
      "fontSize": "100%",
      "gridPos": {
        "h": 9,
        "w": 24,
        "x": 0,
        "y": 0
      },
      "height": "",
      "id": 2,
      "links": [],
      "options": {},
      "pageSize": 50,
      "scroll": true,
      "showHeader": true,
      "sort": {
        "col": 9,
        "desc": true
      },
      "styles": [
        {
          "alias": "Time",
          "dateFormat": "MMMM D, YYYY LT",
          "link": true,
          "linkTargetBlank": true,
          "linkTooltip": "Click to view event",
          "linkUrl": "/dashboard/db/suricata-in-depth?orgId=1&var-id=$__cell_5",
          "pattern": "@timestamp",
          "type": "date"
        },
        {
          "alias": "Source",
          "colorMode": null,
          "colors": [
            "rgba(245, 54, 54, 0.9)",
            "rgba(237, 129, 40, 0.89)",
            "rgba(50, 172, 45, 0.97)"
          ],
          "dateFormat": "YYYY-MM-DD HH:mm:ss",
          "decimals": 0,
          "link": true,
          "linkTargetBlank": true,
          "linkTooltip": "Click to view event",
          "linkUrl": "/dashboard/db/event-detail?orgId=1&var-id=$__cell_1",
          "pattern": "src_ip",
          "thresholds": [],
          "type": "string",
          "unit": "none"
        },
        {
          "alias": "Destination",
          "colorMode": null,
          "colors": [
            "rgba(245, 54, 54, 0.9)",
            "rgb(247, 138, 48)",
            "rgb(51, 217, 98)"
          ],
          "dateFormat": "YYYY-MM-DD HH:mm:ss",
          "decimals": 0,
          "link": true,
          "linkTargetBlank": true,
          "linkTooltip": "Click to view event",
          "linkUrl": "/dashboard/db/event-detail?orgId=1&var-id=$__cell_1",
          "pattern": "dest_ip",
          "thresholds": [
            ""
          ],
          "type": "string",
          "unit": "short"
        },
        {
          "alias": "Severity",
          "colorMode": "cell",
          "colors": [
            "rgba(245, 54, 54, 0.9)",
            "rgba(237, 129, 40, 0.89)",
            "rgba(50, 172, 45, 0.97)"
          ],
          "dateFormat": "YYYY-MM-DD HH:mm:ss",
          "decimals": 0,
          "link": true,
          "linkTooltip": "Click to view event",
          "linkUrl": "/dashboard/db/event-detail?orgId=1&var-id=$__cell_1",
          "pattern": "alert.severity",
          "thresholds": [
            "2",
            "3"
          ],
          "type": "number",
          "unit": "short"
        },
        {
          "alias": "Event ID",
          "colorMode": null,
          "colors": [
            "rgba(245, 54, 54, 0.9)",
            "rgba(237, 129, 40, 0.89)",
            "rgba(50, 172, 45, 0.97)"
          ],
          "dateFormat": "YYYY-MM-DD HH:mm:ss",
          "decimals": 2,
          "link": true,
          "linkTargetBlank": true,
          "linkTooltip": "",
          "linkUrl": "/dashboard/db/suricata-in-depth?orgId=1&var-id=$__cell_5",
          "pattern": "_id",
          "thresholds": [],
          "type": "hidden",
          "unit": "short"
        },
        {
          "alias": "Signature",
          "colorMode": null,
          "colors": [
            "rgba(245, 54, 54, 0.9)",
            "rgba(237, 129, 40, 0.89)",
            "rgba(50, 172, 45, 0.97)"
          ],
          "dateFormat": "YYYY-MM-DD HH:mm:ss",
          "decimals": 2,
          "link": true,
          "linkTargetBlank": true,
          "linkTooltip": "Click to view event",
          "linkUrl": "/dashboard/db/event-detail?orgId=1&var-id=$__cell_1",
          "pattern": "alert.signature",
          "thresholds": [],
          "type": "string",
          "unit": "short"
        },
        {
          "alias": "Interface",
          "colorMode": null,
          "colors": [
            "rgba(245, 54, 54, 0.9)",
            "rgba(237, 129, 40, 0.89)",
            "rgba(50, 172, 45, 0.97)"
          ],
          "dateFormat": "YYYY-MM-DD HH:mm:ss",
          "decimals": 2,
          "link": true,
          "linkTargetBlank": true,
          "linkTooltip": "Click to view event",
          "linkUrl": "/dashboard/db/event-detail?orgId=1&var-id=$__cell_1",
          "mappingType": 1,
          "pattern": "in_iface",
          "thresholds": [],
          "type": "string",
          "unit": "short"
        },
        {
          "alias": "Category",
          "colorMode": null,
          "colors": [
            "rgba(245, 54, 54, 0.9)",
            "rgba(237, 129, 40, 0.89)",
            "rgba(50, 172, 45, 0.97)"
          ],
          "dateFormat": "YYYY-MM-DD HH:mm:ss",
          "decimals": 2,
          "link": true,
          "linkTargetBlank": true,
          "linkTooltip": "Click to view event",
          "linkUrl": "/dashboard/db/event-detail?orgId=1&var-id=$__cell_1",
          "mappingType": 1,
          "pattern": "alert.category",
          "thresholds": [],
          "type": "string",
          "unit": "short"
        },
        {
          "alias": "Rule Type",
          "colorMode": null,
          "colors": [
            "rgba(245, 54, 54, 0.9)",
            "rgba(237, 129, 40, 0.89)",
            "rgba(50, 172, 45, 0.97)"
          ],
          "dateFormat": "YYYY-MM-DD HH:mm:ss",
          "decimals": 2,
          "link": true,
          "linkTargetBlank": true,
          "linkTooltip": "Click to view event",
          "linkUrl": "/dashboard/db/event-detail?orgId=1&var-id=$__cell_1",
          "mappingType": 1,
          "pattern": "ids_rule_type",
          "thresholds": [],
          "type": "string",
          "unit": "short"
        },
        {
          "alias": "Port",
          "colorMode": null,
          "colors": [
            "rgba(245, 54, 54, 0.9)",
            "rgba(237, 129, 40, 0.89)",
            "rgba(50, 172, 45, 0.97)"
          ],
          "dateFormat": "YYYY-MM-DD HH:mm:ss",
          "decimals": 2,
          "link": true,
          "linkTargetBlank": true,
          "linkTooltip": "Click to view event",
          "linkUrl": "/dashboard/db/event-detail?orgId=1&var-id=$__cell_1",
          "mappingType": 1,
          "pattern": "dest_port",
          "thresholds": [],
          "type": "string",
          "unit": "short"
        }
      ],
      "targets": [
        {
          "bucketAggs": [],
          "dsType": "elasticsearch",
          "metrics": [
            {
              "field": "select field",
              "id": "1",
              "meta": {},
              "settings": {
                "size": 500
              },
              "type": "raw_document"
            }
          ],
          "query": "suricata.eve.event_type:alert AND suricata.eve.in_iface:vtnet1 AND suricata.eve.alert.severity:1",
          "refId": "A",
          "timeField": "@timestamp"
        }
      ],
      "title": "High Severity Events (Click Event ID for More Information)",
      "transform": "json",
      "transparent": true,
      "type": "table"
    },
    {
      "columns": [
        {
          "text": "alert.severity",
          "value": "suricata.eve.alert.severity"
        },
        {
          "text": "_id",
          "value": "_id"
        },
        {
          "text": "src_ip",
          "value": "suricata.eve.src_ip"
        },
        {
          "text": "dest_ip",
          "value": "suricata.eve.dest_ip"
        },
        {
          "text": "dest_port",
          "value": "suricata.eve.dest_port"
        },
        {
          "text": "alert.signature",
          "value": "suricata.eve.alert.signature"
        },
        {
          "text": "alert.category",
          "value": "suricata.eve.alert.category"
        },
        {
          "text": "ids_rule_type",
          "value": "suricata.eve.ids_rule_type"
        },
        {
          "text": "in_iface",
          "value": "suricata.eve.in_iface"
        },
        {
          "text": "@timestamp",
          "value": "@timestamp"
        }
      ],
      "datasource": "suricata",
      "description": "The last 500 events are shown here. Click the entries for more detailed information.",
      "fontSize": "100%",
      "gridPos": {
        "h": 20,
        "w": 24,
        "x": 0,
        "y": 9
      },
      "height": "",
      "id": 3,
      "links": [],
      "options": {},
      "pageSize": 50,
      "scroll": true,
      "showHeader": true,
      "sort": {
        "col": 9,
        "desc": true
      },
      "styles": [
        {
          "alias": "Time",
          "dateFormat": "MMMM D, YYYY LT",
          "link": true,
          "linkTargetBlank": true,
          "linkTooltip": "Click to view event",
          "linkUrl": "/dashboard/db/event-detail?orgId=1&var-id=$__cell_5",
          "pattern": "@timestamp",
          "type": "date"
        },
        {
          "alias": "Source",
          "colorMode": null,
          "colors": [
            "rgba(245, 54, 54, 0.9)",
            "rgba(237, 129, 40, 0.89)",
            "rgba(50, 172, 45, 0.97)"
          ],
          "dateFormat": "YYYY-MM-DD HH:mm:ss",
          "decimals": 0,
          "link": true,
          "linkTargetBlank": true,
          "linkTooltip": "Click to view event",
          "linkUrl": "/dashboard/db/event-detail?orgId=1&var-id=$__cell_1",
          "pattern": "suricata.eve.src_ip",
          "thresholds": [],
          "type": "string",
          "unit": "none"
        },
        {
          "alias": "Destination",
          "colorMode": null,
          "colors": [
            "rgba(245, 54, 54, 0.9)",
            "rgb(247, 138, 48)",
            "rgb(51, 217, 98)"
          ],
          "dateFormat": "YYYY-MM-DD HH:mm:ss",
          "decimals": 0,
          "link": true,
          "linkTargetBlank": true,
          "linkTooltip": "Click to view event",
          "linkUrl": "/dashboard/db/event-detail?orgId=1&var-id=$__cell_1",
          "pattern": "suricata.eve.dest_ip",
          "thresholds": [
            ""
          ],
          "type": "string",
          "unit": "short"
        },
        {
          "alias": "Severity",
          "colorMode": "cell",
          "colors": [
            "rgba(245, 54, 54, 0.9)",
            "rgba(237, 129, 40, 0.89)",
            "rgba(50, 172, 45, 0.97)"
          ],
          "dateFormat": "YYYY-MM-DD HH:mm:ss",
          "decimals": 0,
          "link": true,
          "linkTooltip": "Click to view event",
          "linkUrl": "/dashboard/db/event-detail?orgId=1&var-id=$__cell_1",
          "pattern": "suricata.eve.alert.severity",
          "thresholds": [
            "2",
            "3"
          ],
          "type": "number",
          "unit": "short"
        },
        {
          "alias": "Event ID",
          "colorMode": null,
          "colors": [
            "rgba(245, 54, 54, 0.9)",
            "rgba(237, 129, 40, 0.89)",
            "rgba(50, 172, 45, 0.97)"
          ],
          "dateFormat": "YYYY-MM-DD HH:mm:ss",
          "decimals": 2,
          "link": true,
          "linkTargetBlank": true,
          "linkTooltip": "",
          "linkUrl": "/dashboard/db/event-detail?orgId=1&var-id=$__cell_5",
          "pattern": "_id",
          "thresholds": [],
          "type": "hidden",
          "unit": "short"
        },
        {
          "alias": "Signature",
          "colorMode": null,
          "colors": [
            "rgba(245, 54, 54, 0.9)",
            "rgba(237, 129, 40, 0.89)",
            "rgba(50, 172, 45, 0.97)"
          ],
          "dateFormat": "YYYY-MM-DD HH:mm:ss",
          "decimals": 2,
          "link": true,
          "linkTargetBlank": true,
          "linkTooltip": "Click to view event",
          "linkUrl": "/dashboard/db/event-detail?orgId=1&var-id=$__cell_1",
          "pattern": "suricata.eve.alert.signature",
          "thresholds": [],
          "type": "string",
          "unit": "short"
        },
        {
          "alias": "Interface",
          "colorMode": null,
          "colors": [
            "rgba(245, 54, 54, 0.9)",
            "rgba(237, 129, 40, 0.89)",
            "rgba(50, 172, 45, 0.97)"
          ],
          "dateFormat": "YYYY-MM-DD HH:mm:ss",
          "decimals": 2,
          "link": true,
          "linkTargetBlank": true,
          "linkTooltip": "Click to view event",
          "linkUrl": "/dashboard/db/event-detail?orgId=1&var-id=$__cell_1",
          "mappingType": 1,
          "pattern": "suricata.eve.in_iface",
          "thresholds": [],
          "type": "string",
          "unit": "short"
        },
        {
          "alias": "Category",
          "colorMode": null,
          "colors": [
            "rgba(245, 54, 54, 0.9)",
            "rgba(237, 129, 40, 0.89)",
            "rgba(50, 172, 45, 0.97)"
          ],
          "dateFormat": "YYYY-MM-DD HH:mm:ss",
          "decimals": 2,
          "link": true,
          "linkTargetBlank": true,
          "linkTooltip": "Click to view event",
          "linkUrl": "/dashboard/db/event-detail?orgId=1&var-id=$__cell_1",
          "mappingType": 1,
          "pattern": "suricata.eve.alert.category",
          "thresholds": [],
          "type": "string",
          "unit": "short"
        },
        {
          "alias": "Rule Type",
          "colorMode": null,
          "colors": [
            "rgba(245, 54, 54, 0.9)",
            "rgba(237, 129, 40, 0.89)",
            "rgba(50, 172, 45, 0.97)"
          ],
          "dateFormat": "YYYY-MM-DD HH:mm:ss",
          "decimals": 2,
          "link": true,
          "linkTargetBlank": true,
          "linkTooltip": "Click to view event",
          "linkUrl": "/dashboard/db/event-detail?orgId=1&var-id=$__cell_1",
          "mappingType": 1,
          "pattern": "suricata.eve.ids_rule_type",
          "thresholds": [],
          "type": "string",
          "unit": "short"
        },
        {
          "alias": "Port",
          "colorMode": null,
          "colors": [
            "rgba(245, 54, 54, 0.9)",
            "rgba(237, 129, 40, 0.89)",
            "rgba(50, 172, 45, 0.97)"
          ],
          "dateFormat": "YYYY-MM-DD HH:mm:ss",
          "decimals": 2,
          "link": true,
          "linkTargetBlank": true,
          "linkTooltip": "Click to view event",
          "linkUrl": "/dashboard/db/event-detail?orgId=1&var-id=$__cell_1",
          "mappingType": 1,
          "pattern": "suricata.eve.dest_port",
          "thresholds": [],
          "type": "string",
          "unit": "short"
        }
      ],
      "targets": [
        {
          "bucketAggs": [],
          "dsType": "elasticsearch",
          "metrics": [
            {
              "field": "select field",
              "id": "1",
              "meta": {},
              "settings": {
                "size": 500
              },
              "type": "raw_document"
            }
          ],
          "query": "suricata.eve.event_type:alert AND suricata.eve.in_iface:vtnet1",
          "refId": "A",
          "timeField": "@timestamp"
        }
      ],
      "title": "Events (Click Event ID for More Information)",
      "transform": "json",
      "transparent": true,
      "type": "table"
    }
  ],
  "refresh": "30s",
  "schemaVersion": 18,
  "style": "dark",
  "tags": [
    "firewall",
    "suricata"
  ],
  "templating": {
    "list": [
      {
        "allValue": null,
        "current": {
          "text": "All",
          "value": "$__all"
        },
        "datasource": "suricata",
        "definition": "",
        "hide": 0,
        "includeAll": true,
        "label": "Interfaces",
        "multi": true,
        "name": "interface",
        "options": [],
        "query": "{\"find\":\"terms\", \"field\":\"suricata.eve.in_iface\"}",
        "refresh": 1,
        "regex": "",
        "skipUrlSync": false,
        "sort": 0,
        "tagValuesQuery": "",
        "tags": [],
        "tagsQuery": "",
        "type": "query",
        "useTags": false
      },
      {
        "datasource": "suricata",
        "filters": [],
        "hide": 0,
        "label": "",
        "name": "Filters",
        "skipUrlSync": false,
        "type": "adhoc"
      }
    ]
  },
  "time": {
    "from": "now-6h",
    "to": "now"
  },
  "timepicker": {
    "refresh_intervals": [
      "5s",
      "10s",
      "30s",
      "1m",
      "5m",
      "15m",
      "30m",
      "1h",
      "2h",
      "1d"
    ],
    "time_options": [
      "5m",
      "15m",
      "1h",
      "6h",
      "12h",
      "24h",
      "2d",
      "7d",
      "30d"
    ]
  },
  "timezone": "",
  "title": "Events",
  "uid": "events",
  "version": 4
}