{
  "annotations": {
    "list": [
      {
        "builtIn": 1,
        "datasource": "-- Grafana --",
        "enable": true,
        "hide": true,
        "iconColor": "rgba(0, 211, 255, 1)",
        "name": "Annotations & Alerts",
        "type": "dashboard"
      }
    ]
  },
  "editable": true,
  "gnetId": null,
  "graphTooltip": 0,
  "id": 6,
  "iteration": 1643426189583,
  "links": [
    {
      "icon": "external link",
      "tags": [
        "suricata"
      ],
      "type": "dashboards"
    }
  ],
  "panels": [
    {
      "columns": [
        {
          "text": "timestamp",
          "value": "timestamp"
        },
        {
          "text": "proto",
          "value": "suricata.eve.proto"
        },
        {
          "text": "src_ip",
          "value": "suricata.eve.src_ip"
        },
        {
          "text": "src_port",
          "value": "suricata.eve.src_port"
        },
        {
          "text": "dest_ip",
          "value": "suricata.eve.dest_ip"
        },
        {
          "text": "dest_port",
          "value": "suricata.eve.dest_port"
        },
        {
          "text": "in_iface",
          "value": "suricata.eve.in_iface"
        },
        {
          "text": "flow_id",
          "value": "suricata.eve.flow_id"
        }
      ],
      "datasource": "suricata",
      "fontSize": "100%",
      "gridPos": {
        "h": 3,
        "w": 12,
        "x": 0,
        "y": 0
      },
      "id": 6,
      "links": [],
      "options": {},
      "pageSize": null,
      "scroll": false,
      "showHeader": true,
      "sort": {
        "col": 0,
        "desc": true
      },
      "styles": [
        {
          "alias": "Time",
          "dateFormat": "YYYY-MM-DD HH:mm:ss",
          "pattern": "timestamp",
          "type": "date"
        },
        {
          "alias": "Protocol",
          "colorMode": null,
          "colors": [
            "rgba(245, 54, 54, 0.9)",
            "rgba(237, 129, 40, 0.89)",
            "rgba(50, 172, 45, 0.97)"
          ],
          "dateFormat": "YYYY-MM-DD HH:mm:ss",
          "decimals": 2,
          "pattern": "suricata.eve.proto",
          "thresholds": [],
          "type": "string",
          "unit": "short"
        },
        {
          "alias": "Source",
          "colorMode": null,
          "colors": [
            "rgba(245, 54, 54, 0.9)",
            "rgba(237, 129, 40, 0.89)",
            "rgba(50, 172, 45, 0.97)"
          ],
          "dateFormat": "YYYY-MM-DD HH:mm:ss",
          "decimals": 2,
          "pattern": "suricata.eve.src_ip",
          "thresholds": [],
          "type": "string",
          "unit": "short"
        },
        {
          "alias": "Destination",
          "colorMode": null,
          "colors": [
            "rgba(245, 54, 54, 0.9)",
            "rgba(237, 129, 40, 0.89)",
            "rgba(50, 172, 45, 0.97)"
          ],
          "dateFormat": "YYYY-MM-DD HH:mm:ss",
          "decimals": 2,
          "pattern": "suricata.eve.dest_ip",
          "thresholds": [],
          "type": "string",
          "unit": "short"
        },
        {
          "alias": "In Interface",
          "colorMode": null,
          "colors": [
            "rgba(245, 54, 54, 0.9)",
            "rgba(237, 129, 40, 0.89)",
            "rgba(50, 172, 45, 0.97)"
          ],
          "dateFormat": "YYYY-MM-DD HH:mm:ss",
          "decimals": 2,
          "pattern": "suricata.eve.in_iface",
          "thresholds": [],
          "type": "string",
          "unit": "short"
        },
        {
          "alias": "Flow ID",
          "colorMode": null,
          "colors": [
            "rgba(245, 54, 54, 0.9)",
            "rgba(237, 129, 40, 0.89)",
            "rgba(50, 172, 45, 0.97)"
          ],
          "dateFormat": "YYYY-MM-DD HH:mm:ss",
          "decimals": 2,
          "pattern": "suricata.eve.flow_id",
          "thresholds": [],
          "type": "string",
          "unit": "short"
        },
        {
          "alias": "Dest Port",
          "colorMode": null,
          "colors": [
            "rgba(245, 54, 54, 0.9)",
            "rgba(237, 129, 40, 0.89)",
            "rgba(50, 172, 45, 0.97)"
          ],
          "dateFormat": "YYYY-MM-DD HH:mm:ss",
          "decimals": 0,
          "mappingType": 1,
          "pattern": "suricata.eve.dest_port",
          "thresholds": [],
          "type": "number",
          "unit": "none"
        },
        {
          "alias": "Src Port",
          "colorMode": null,
          "colors": [
            "rgba(245, 54, 54, 0.9)",
            "rgba(237, 129, 40, 0.89)",
            "rgba(50, 172, 45, 0.97)"
          ],
          "dateFormat": "YYYY-MM-DD HH:mm:ss",
          "decimals": 0,
          "mappingType": 1,
          "pattern": "suricata.eve.src_port",
          "thresholds": [],
          "type": "number",
          "unit": "none"
        },
        {
          "alias": "",
          "colorMode": null,
          "colors": [
            "rgba(245, 54, 54, 0.9)",
            "rgba(237, 129, 40, 0.89)",
            "rgba(50, 172, 45, 0.97)"
          ],
          "decimals": 2,
          "pattern": "/.*/",
          "thresholds": [],
          "type": "number",
          "unit": "short"
        }
      ],
      "targets": [
        {
          "bucketAggs": [],
          "metrics": [
            {
              "field": "select field",
              "id": "1",
              "meta": {},
              "settings": {
                "size": 500
              },
              "type": "raw_document"
            }
          ],
          "query": "suricata.eve.event_type:\"alert\" AND _id:$id",
          "refId": "A",
          "timeField": "@timestamp"
        }
      ],
      "title": "General Information",
      "transform": "json",
      "type": "table"
    },
    {
      "circleMaxSize": "10",
      "circleMinSize": "1",
      "colors": [
        "#7eb26d",
        "rgba(237, 129, 40, 0.89)",
        "#e24d42"
      ],
      "datasource": "suricata",
      "decimals": 0,
      "esGeoPoint": "source.geo.location",
      "esLocationName": "suricata.eve.src_ip",
      "esMetric": "Count",
      "gridPos": {
        "h": 9,
        "w": 12,
        "x": 12,
        "y": 0
      },
      "hideEmpty": false,
      "hideZero": false,
      "id": 9,
      "initialZoom": 1,
      "links": [],
      "locationData": "geohash",
      "mapCenter": "(0�, 0�)",
      "mapCenterLatitude": 0,
      "mapCenterLongitude": 0,
      "maxDataPoints": 1,
      "mouseWheelZoom": false,
      "options": {},
      "showLegend": true,
      "stickyLabels": false,
      "tableQueryOptions": {
        "geohashField": "geohash",
        "latitudeField": "latitude",
        "longitudeField": "longitude",
        "metricField": "metric",
        "queryType": "geohash"
      },
      "targets": [
        {
          "bucketAggs": [
            {
              "field": "source.geo.location",
              "id": "2",
              "settings": {
                "precision": 7
              },
              "type": "geohash_grid"
            }
          ],
          "metrics": [
            {
              "field": "select field",
              "id": "1",
              "type": "count"
            }
          ],
          "query": "suricata.eve.event_type:alert AND _id:$id",
          "refId": "A",
          "timeField": "@timestamp"
        }
      ],
      "thresholds": "5,10",
      "title": "Map",
      "type": "grafana-worldmap-panel",
      "unitPlural": "",
      "unitSingle": "",
      "valueName": "total"
    },
    {
      "columns": [
        {
          "text": "geoip.city_name",
          "value": "geoip.city_name"
        },
        {
          "text": "geoip.region_name",
          "value": "geoip.region_name"
        },
        {
          "text": "geoip.postal_code",
          "value": "geoip.postal_code"
        },
        {
          "text": "geoip.country_name",
          "value": "geoip.country_name"
        }
      ],
      "datasource": "suricata",
      "fontSize": "100%",
      "gridPos": {
        "h": 3,
        "w": 12,
        "x": 0,
        "y": 3
      },
      "id": 2,
      "links": [],
      "options": {},
      "pageSize": null,
      "scroll": false,
      "showHeader": true,
      "sort": {
        "col": 0,
        "desc": true
      },
      "styles": [
        {
          "alias": "Time",
          "dateFormat": "YYYY-MM-DD HH:mm:ss",
          "pattern": "Time",
          "type": "date"
        },
        {
          "alias": "City",
          "colorMode": null,
          "colors": [
            "rgba(245, 54, 54, 0.9)",
            "rgba(237, 129, 40, 0.89)",
            "rgba(50, 172, 45, 0.97)"
          ],
          "dateFormat": "YYYY-MM-DD HH:mm:ss",
          "decimals": 2,
          "pattern": "geoip.city_name",
          "thresholds": [],
          "type": "number",
          "unit": "short"
        },
        {
          "alias": "Region",
          "colorMode": null,
          "colors": [
            "rgba(245, 54, 54, 0.9)",
            "rgba(237, 129, 40, 0.89)",
            "rgba(50, 172, 45, 0.97)"
          ],
          "dateFormat": "YYYY-MM-DD HH:mm:ss",
          "decimals": 2,
          "pattern": "geoip.region_name",
          "thresholds": [],
          "type": "number",
          "unit": "short"
        },
        {
          "alias": "Postal Code",
          "colorMode": null,
          "colors": [
            "rgba(245, 54, 54, 0.9)",
            "rgba(237, 129, 40, 0.89)",
            "rgba(50, 172, 45, 0.97)"
          ],
          "dateFormat": "YYYY-MM-DD HH:mm:ss",
          "decimals": 2,
          "pattern": "geoip.postal_code",
          "thresholds": [],
          "type": "number",
          "unit": "short"
        },
        {
          "alias": "Country",
          "colorMode": null,
          "colors": [
            "rgba(245, 54, 54, 0.9)",
            "rgba(237, 129, 40, 0.89)",
            "rgba(50, 172, 45, 0.97)"
          ],
          "dateFormat": "YYYY-MM-DD HH:mm:ss",
          "decimals": 2,
          "pattern": "geoip.country_name",
          "thresholds": [],
          "type": "number",
          "unit": "short"
        },
        {
          "alias": "",
          "colorMode": null,
          "colors": [
            "rgba(245, 54, 54, 0.9)",
            "rgba(237, 129, 40, 0.89)",
            "rgba(50, 172, 45, 0.97)"
          ],
          "decimals": 2,
          "pattern": "/.*/",
          "thresholds": [],
          "type": "number",
          "unit": "short"
        }
      ],
      "targets": [
        {
          "bucketAggs": [],
          "metrics": [
            {
              "field": "select field",
              "id": "1",
              "meta": {},
              "settings": {
                "size": 500
              },
              "type": "raw_document"
            }
          ],
          "query": "suricata.eve.event_type:alert AND _id:$id",
          "refId": "A",
          "timeField": "@timestamp"
        }
      ],
      "title": "Location",
      "transform": "json",
      "type": "table"
    },
    {
      "columns": [
        {
          "text": "alert.signature",
          "value": "suricata.eve.alert.signature"
        },
        {
          "text": "alert.category",
          "value": "suricata.eve.alert.category"
        },
        {
          "text": "alert.signature_id",
          "value": "suricata.eve.alert.signature_id"
        },
        {
          "text": "alert.severity",
          "value": "suricata.eve.alert.severity"
        }
      ],
      "datasource": "suricata",
      "fontSize": "100%",
      "gridPos": {
        "h": 3,
        "w": 12,
        "x": 0,
        "y": 6
      },
      "id": 7,
      "links": [],
      "options": {},
      "pageSize": null,
      "scroll": false,
      "showHeader": true,
      "sort": {
        "col": 0,
        "desc": true
      },
      "styles": [
        {
          "alias": "Signature",
          "colorMode": null,
          "colors": [
            "rgba(245, 54, 54, 0.9)",
            "rgba(237, 129, 40, 0.89)",
            "rgba(50, 172, 45, 0.97)"
          ],
          "dateFormat": "YYYY-MM-DD HH:mm:ss",
          "decimals": 2,
          "pattern": "suricata.eve.alert.signature",
          "thresholds": [],
          "type": "string",
          "unit": "short"
        },
        {
          "alias": "Category",
          "colorMode": null,
          "colors": [
            "rgba(245, 54, 54, 0.9)",
            "rgba(237, 129, 40, 0.89)",
            "rgba(50, 172, 45, 0.97)"
          ],
          "dateFormat": "YYYY-MM-DD HH:mm:ss",
          "decimals": 2,
          "pattern": "suricata.eve.alert.category",
          "thresholds": [],
          "type": "string",
          "unit": "short"
        },
        {
          "alias": "Signature ID",
          "colorMode": null,
          "colors": [
            "rgba(245, 54, 54, 0.9)",
            "rgba(237, 129, 40, 0.89)",
            "rgba(50, 172, 45, 0.97)"
          ],
          "dateFormat": "YYYY-MM-DD HH:mm:ss",
          "decimals": 2,
          "pattern": "suricata.eve.alert.signature_id",
          "thresholds": [],
          "type": "string",
          "unit": "short"
        },
        {
          "alias": "Severity",
          "colorMode": null,
          "colors": [
            "rgba(245, 54, 54, 0.9)",
            "rgba(237, 129, 40, 0.89)",
            "rgba(50, 172, 45, 0.97)"
          ],
          "dateFormat": "YYYY-MM-DD HH:mm:ss",
          "decimals": 2,
          "pattern": "suricata.eve.alert.severity",
          "thresholds": [],
          "type": "string",
          "unit": "short"
        },
        {
          "alias": "",
          "colorMode": null,
          "colors": [
            "rgba(245, 54, 54, 0.9)",
            "rgba(237, 129, 40, 0.89)",
            "rgba(50, 172, 45, 0.97)"
          ],
          "decimals": 2,
          "pattern": "/.*/",
          "thresholds": [],
          "type": "string",
          "unit": "short"
        }
      ],
      "targets": [
        {
          "bucketAggs": [],
          "metrics": [
            {
              "field": "select field",
              "id": "1",
              "meta": {},
              "settings": {
                "size": 500
              },
              "type": "raw_document"
            }
          ],
          "query": "suricata.eve.event_type:alert AND _id:$id",
          "refId": "A",
          "timeField": "@timestamp"
        }
      ],
      "title": "Alert Info",
      "transform": "json",
      "type": "table"
    },
    {
      "columns": [
        {
          "text": "suricata.eve.payload_printable",
          "value": "suricata.eve.payload_printable"
        }
      ],
      "datasource": "suricata",
      "fontSize": "100%",
      "gridPos": {
        "h": 9,
        "w": 24,
        "x": 0,
        "y": 9
      },
      "id": 12,
      "links": [],
      "options": {},
      "pageSize": null,
      "scroll": true,
      "showHeader": true,
      "sort": {
        "col": 0,
        "desc": false
      },
      "styles": [
        {
          "alias": "Time",
          "dateFormat": "YYYY-MM-DD HH:mm:ss",
          "pattern": "Time",
          "type": "date"
        },
        {
          "alias": "Printable Payload",
          "colorMode": null,
          "colors": [
            "rgba(245, 54, 54, 0.9)",
            "rgba(237, 129, 40, 0.89)",
            "rgba(50, 172, 45, 0.97)"
          ],
          "dateFormat": "YYYY-MM-DD HH:mm:ss",
          "decimals": 2,
          "pattern": "suricata.eve.payload_printable",
          "preserveFormat": true,
          "sanitize": false,
          "thresholds": [],
          "type": "string",
          "unit": "short"
        },
        {
          "alias": "",
          "colorMode": null,
          "colors": [
            "rgba(245, 54, 54, 0.9)",
            "rgba(237, 129, 40, 0.89)",
            "rgba(50, 172, 45, 0.97)"
          ],
          "decimals": 2,
          "pattern": "/.*/",
          "thresholds": [],
          "type": "number",
          "unit": "short"
        }
      ],
      "targets": [
        {
          "bucketAggs": [],
          "metrics": [
            {
              "field": "select field",
              "id": "1",
              "meta": {},
              "settings": {
                "size": 500
              },
              "type": "raw_document"
            }
          ],
          "query": "suricata.eve.event_type: alert AND _id:$id",
          "refId": "A",
          "timeField": "@timestamp"
        }
      ],
      "title": "",
      "transform": "json",
      "type": "table"
    },
    {
      "columns": [
        {
          "text": "payload",
          "value": "suricata.eve.payload"
        }
      ],
      "datasource": "suricata",
      "fontSize": "100%",
      "gridPos": {
        "h": 4,
        "w": 24,
        "x": 0,
        "y": 18
      },
      "id": 11,
      "links": [],
      "options": {},
      "pageSize": null,
      "scroll": true,
      "showHeader": true,
      "sort": {
        "col": 0,
        "desc": true
      },
      "styles": [
        {
          "alias": "Time",
          "dateFormat": "YYYY-MM-DD HH:mm:ss",
          "pattern": "Time",
          "type": "date"
        },
        {
          "alias": "Payload",
          "colorMode": null,
          "colors": [
            "rgba(245, 54, 54, 0.9)",
            "rgba(237, 129, 40, 0.89)",
            "rgba(50, 172, 45, 0.97)"
          ],
          "dateFormat": "YYYY-MM-DD HH:mm:ss",
          "decimals": 2,
          "pattern": "payload",
          "preserveFormat": false,
          "sanitize": false,
          "thresholds": [],
          "type": "string",
          "unit": "short"
        },
        {
          "alias": "",
          "colorMode": null,
          "colors": [
            "rgba(245, 54, 54, 0.9)",
            "rgba(237, 129, 40, 0.89)",
            "rgba(50, 172, 45, 0.97)"
          ],
          "decimals": 2,
          "pattern": "/.*/",
          "thresholds": [],
          "type": "number",
          "unit": "short"
        }
      ],
      "targets": [
        {
          "bucketAggs": [],
          "metrics": [
            {
              "field": "select field",
              "id": "1",
              "meta": {},
              "settings": {
                "size": 500
              },
              "type": "raw_document"
            }
          ],
          "query": "suricata.eve.event_type:\"alert\" AND _id:$id",
          "refId": "A",
          "timeField": "@timestamp"
        }
      ],
      "title": "Payload Information",
      "transform": "json",
      "type": "table"
    }
  ],
  "schemaVersion": 18,
  "style": "dark",
  "tags": [
    "suricata",
    "firewall"
  ],
  "templating": {
    "list": [
      {
        "allValue": null,
        "current": {
          "text": "-0B-oX4Bukblkb_G_evu",
          "value": "-0B-oX4Bukblkb_G_evu"
        },
        "datasource": "suricata",
        "definition": "",
        "hide": 2,
        "includeAll": false,
        "label": null,
        "multi": false,
        "name": "id",
        "options": [],
        "query": "{\"find\": \"terms\", \"field\": \"_id\", \"query\": \"suricata.eve.event_type:alert\"}",
        "refresh": 1,
        "regex": "",
        "skipUrlSync": false,
        "sort": 0,
        "tagValuesQuery": "",
        "tags": [],
        "tagsQuery": "",
        "type": "query",
        "useTags": false
      }
    ]
  },
  "time": {
    "from": "now-90d",
    "to": "now"
  },
  "timepicker": {
    "hidden": true,
    "refresh_intervals": [
      "5s",
      "10s",
      "30s",
      "1m",
      "5m",
      "15m",
      "30m",
      "1h",
      "2h",
      "1d"
    ],
    "time_options": [
      "5m",
      "15m",
      "1h",
      "6h",
      "12h",
      "24h",
      "2d",
      "7d",
      "30d"
    ]
  },
  "timezone": "",
  "title": "Event Detail",
  "uid": "event-detail",
  "version": 4
}