{
  "annotations": {
    "list": [
      {
        "builtIn": 1,
        "datasource": "-- Grafana --",
        "enable": false,
        "hide": true,
        "iconColor": "rgba(0, 211, 255, 1)",
        "limit": 100,
        "name": "Annotations & Alerts",
        "showIn": 0,
        "type": "dashboard"
      }
    ]
  },
  "editable": true,
  "gnetId": null,
  "graphTooltip": 1,
  "id": 5,
  "iteration": 1643425807711,
  "links": [
    {
      "icon": "external link",
      "tags": [
        "suricata"
      ],
      "type": "dashboards"
    }
  ],
  "panels": [
    {
      "aliasColors": {},
      "bars": true,
      "dashLength": 10,
      "dashes": false,
      "datasource": "suricata",
      "fill": 2,
      "gridPos": {
        "h": 9,
        "w": 13,
        "x": 0,
        "y": 0
      },
      "id": 2,
      "interval": "",
      "legend": {
        "avg": false,
        "current": false,
        "max": false,
        "min": false,
        "show": false,
        "total": false,
        "values": false
      },
      "lines": false,
      "linewidth": 1,
      "links": [],
      "nullPointMode": "null",
      "options": {},
      "percentage": false,
      "pointradius": 5,
      "points": false,
      "renderer": "flot",
      "seriesOverrides": [
        {
          "alias": "Low",
          "color": "#299c46"
        },
        {
          "alias": "Medium",
          "color": "#e0752d"
        },
        {
          "alias": "High",
          "color": "rgb(226, 36, 0)"
        }
      ],
      "spaceLength": 10,
      "stack": true,
      "steppedLine": false,
      "targets": [
        {
          "alias": "Low",
          "bucketAggs": [
            {
              "field": "@timestamp",
              "id": "2",
              "settings": {
                "interval": "$interval",
                "min_doc_count": 0,
                "trimEdges": 0
              },
              "type": "date_histogram"
            }
          ],
          "dsType": "elasticsearch",
          "metrics": [
            {
              "field": "select field",
              "id": "1",
              "type": "count"
            }
          ],
          "query": "suricata.eve.event_type:alert AND suricata.eve.in_iface:vtnet1 AND suricata.eve.alert.severity:3",
          "refId": "B",
          "timeField": "@timestamp"
        },
        {
          "alias": "Medium",
          "bucketAggs": [
            {
              "field": "@timestamp",
              "id": "2",
              "settings": {
                "interval": "$interval",
                "min_doc_count": 0,
                "trimEdges": 0
              },
              "type": "date_histogram"
            }
          ],
          "dsType": "elasticsearch",
          "metrics": [
            {
              "field": "select field",
              "id": "1",
              "type": "count"
            }
          ],
          "query": "suricata.eve.event_type:alert AND suricata.eve.in_iface:vtnet1 AND suricata.eve.alert.severity:2",
          "refId": "A",
          "timeField": "@timestamp"
        },
        {
          "alias": "High",
          "bucketAggs": [
            {
              "field": "@timestamp",
              "id": "2",
              "settings": {
                "interval": "$interval",
                "min_doc_count": 0,
                "trimEdges": 0
              },
              "type": "date_histogram"
            }
          ],
          "dsType": "elasticsearch",
          "metrics": [
            {
              "field": "select field",
              "id": "1",
              "type": "count"
            }
          ],
          "query": "suricata.eve.event_type:alert AND suricata.eve.in_iface:vtnet1 AND suricata.eve.alert.severity:1",
          "refId": "C",
          "timeField": "@timestamp"
        }
      ],
      "thresholds": [],
      "timeFrom": null,
      "timeRegions": [],
      "timeShift": null,
      "title": "Severity of Events",
      "tooltip": {
        "shared": true,
        "sort": 2,
        "value_type": "individual"
      },
      "transparent": true,
      "type": "graph",
      "xaxis": {
        "buckets": null,
        "mode": "time",
        "name": null,
        "show": true,
        "values": [
          "total"
        ]
      },
      "yaxes": [
        {
          "format": "locale",
          "label": null,
          "logBase": 1,
          "max": null,
          "min": null,
          "show": true
        },
        {
          "format": "locale",
          "label": null,
          "logBase": 1,
          "max": null,
          "min": null,
          "show": true
        }
      ],
      "yaxis": {
        "align": false,
        "alignLevel": null
      }
    },
    {
      "cacheTimeout": null,
      "colorBackground": true,
      "colorValue": false,
      "colors": [
        "#d44a3a",
        "#d44a3a",
        "#d44a3a"
      ],
      "datasource": "suricata",
      "format": "locale",
      "gauge": {
        "maxValue": 100,
        "minValue": 0,
        "show": false,
        "thresholdLabels": false,
        "thresholdMarkers": true
      },
      "gridPos": {
        "h": 3,
        "w": 3,
        "x": 13,
        "y": 0
      },
      "id": 20,
      "interval": null,
      "links": [],
      "mappingType": 1,
      "mappingTypes": [
        {
          "name": "value to text",
          "value": 1
        },
        {
          "name": "range to text",
          "value": 2
        }
      ],
      "maxDataPoints": 100,
      "nullPointMode": "connected",
      "nullText": null,
      "options": {},
      "postfix": "",
      "postfixFontSize": "50%",
      "prefix": "",
      "prefixFontSize": "50%",
      "rangeMaps": [
        {
          "from": "null",
          "text": "N/A",
          "to": "null"
        }
      ],
      "sparkline": {
        "fillColor": "rgba(31, 118, 189, 0.18)",
        "full": false,
        "lineColor": "rgb(31, 120, 193)",
        "show": false
      },
      "tableColumn": "",
      "targets": [
        {
          "bucketAggs": [
            {
              "field": "@timestamp",
              "id": "2",
              "settings": {
                "interval": "auto",
                "min_doc_count": 0,
                "trimEdges": 0
              },
              "type": "date_histogram"
            }
          ],
          "metrics": [
            {
              "field": "select field",
              "id": "1",
              "type": "count"
            }
          ],
          "query": "suricata.eve.event_type:alert AND suricata.eve.in_iface:vtnet1 AND suricata.eve.alert.severity:1",
          "refId": "A",
          "timeField": "@timestamp"
        }
      ],
      "thresholds": "",
      "title": "High Severity",
      "type": "singlestat",
      "valueFontSize": "100%",
      "valueMaps": [
        {
          "op": "=",
          "text": "N/A",
          "value": "null"
        }
      ],
      "valueName": "total"
    },
    {
      "aliasColors": {},
      "breakPoint": "50%",
      "cacheTimeout": null,
      "combine": {
        "label": "Others",
        "threshold": ".03"
      },
      "datasource": "suricata",
      "fontSize": "80%",
      "format": "short",
      "gridPos": {
        "h": 9,
        "w": 4,
        "x": 16,
        "y": 0
      },
      "id": 7,
      "interval": null,
      "legend": {
        "header": "",
        "percentage": false,
        "show": false,
        "values": true
      },
      "legendType": "Right side",
      "links": [],
      "maxDataPoints": 3,
      "nullPointMode": "connected",
      "options": {},
      "pieType": "donut",
      "strokeWidth": "0",
      "targets": [
        {
          "alias": "{{suricata.eve.dest_port}}/{{suricata.eve.proto}}",
          "bucketAggs": [
            {
              "fake": true,
              "field": "suricata.eve.proto",
              "id": "5",
              "settings": {
                "min_doc_count": 1,
                "order": "desc",
                "orderBy": "_count",
                "size": "10"
              },
              "type": "terms"
            },
            {
              "fake": true,
              "field": "suricata.eve.dest_port",
              "id": "4",
              "settings": {
                "min_doc_count": 1,
                "order": "desc",
                "orderBy": "_count",
                "size": "25"
              },
              "type": "terms"
            },
            {
              "fake": true,
              "field": "@timestamp",
              "id": "3",
              "settings": {
                "interval": "$interval",
                "min_doc_count": 0,
                "trimEdges": 0
              },
              "type": "date_histogram"
            }
          ],
          "dsType": "elasticsearch",
          "metrics": [
            {
              "field": "select field",
              "id": "1",
              "type": "count"
            }
          ],
          "query": "suricata.eve.event_type:alert AND suricata.eve.in_iface:vtnet1",
          "refId": "A",
          "timeField": "@timestamp"
        }
      ],
      "title": "Destination Ports - Top 25",
      "transparent": true,
      "type": "grafana-piechart-panel",
      "valueName": "total"
    },
    {
      "aliasColors": {},
      "breakPoint": "50%",
      "cacheTimeout": null,
      "combine": {
        "label": "Others",
        "threshold": ".03"
      },
      "datasource": "suricata",
      "fontSize": "80%",
      "format": "short",
      "gridPos": {
        "h": 9,
        "w": 4,
        "x": 20,
        "y": 0
      },
      "id": 6,
      "interval": null,
      "legend": {
        "percentage": true,
        "show": false,
        "values": true
      },
      "legendType": "Right side",
      "links": [],
      "maxDataPoints": 3,
      "nullPointMode": "connected",
      "options": {},
      "pieType": "donut",
      "strokeWidth": "0",
      "targets": [
        {
          "bucketAggs": [
            {
              "fake": true,
              "field": "suricata.eve.alert.signature",
              "id": "3",
              "settings": {
                "min_doc_count": 1,
                "order": "desc",
                "orderBy": "_count",
                "size": "25"
              },
              "type": "terms"
            },
            {
              "field": "@timestamp",
              "id": "2",
              "settings": {
                "interval": "$interval",
                "min_doc_count": 0,
                "trimEdges": 0
              },
              "type": "date_histogram"
            }
          ],
          "dsType": "elasticsearch",
          "metrics": [
            {
              "field": "select field",
              "id": "1",
              "type": "count"
            }
          ],
          "query": "suricata.eve.event_type:alert AND suricata.eve.in_iface:vtnet1",
          "refId": "A",
          "timeField": "@timestamp"
        }
      ],
      "title": "Signatures - Top 25",
      "transparent": true,
      "type": "grafana-piechart-panel",
      "valueName": "total"
    },
    {
      "cacheTimeout": null,
      "colorBackground": true,
      "colorValue": false,
      "colors": [
        "#ef843c",
        "#e0752d",
        "#e0752d"
      ],
      "datasource": "suricata",
      "format": "locale",
      "gauge": {
        "maxValue": 100,
        "minValue": 0,
        "show": false,
        "thresholdLabels": false,
        "thresholdMarkers": true
      },
      "gridPos": {
        "h": 3,
        "w": 3,
        "x": 13,
        "y": 3
      },
      "id": 19,
      "interval": null,
      "links": [],
      "mappingType": 1,
      "mappingTypes": [
        {
          "name": "value to text",
          "value": 1
        },
        {
          "name": "range to text",
          "value": 2
        }
      ],
      "maxDataPoints": 100,
      "nullPointMode": "connected",
      "nullText": null,
      "options": {},
      "postfix": "",
      "postfixFontSize": "50%",
      "prefix": "",
      "prefixFontSize": "50%",
      "rangeMaps": [
        {
          "from": "null",
          "text": "N/A",
          "to": "null"
        }
      ],
      "sparkline": {
        "fillColor": "rgba(31, 118, 189, 0.18)",
        "full": false,
        "lineColor": "rgb(31, 120, 193)",
        "show": false
      },
      "tableColumn": "",
      "targets": [
        {
          "bucketAggs": [
            {
              "field": "@timestamp",
              "id": "2",
              "settings": {
                "interval": "auto",
                "min_doc_count": 0,
                "trimEdges": 0
              },
              "type": "date_histogram"
            }
          ],
          "metrics": [
            {
              "field": "select field",
              "id": "1",
              "type": "count"
            }
          ],
          "query": "suricata.eve.event_type:alert AND suricata.eve.in_iface:vtnet1 AND suricata.eve.alert.severity:2",
          "refId": "A",
          "timeField": "@timestamp"
        }
      ],
      "thresholds": "",
      "title": "Medium Severity",
      "type": "singlestat",
      "valueFontSize": "100%",
      "valueMaps": [
        {
          "op": "=",
          "text": "N/A",
          "value": "null"
        }
      ],
      "valueName": "total"
    },
    {
      "cacheTimeout": null,
      "colorBackground": true,
      "colorValue": false,
      "colors": [
        "#299c46",
        "#299c46",
        "#299c46"
      ],
      "datasource": "suricata",
      "format": "locale",
      "gauge": {
        "maxValue": 100,
        "minValue": 0,
        "show": false,
        "thresholdLabels": false,
        "thresholdMarkers": true
      },
      "gridPos": {
        "h": 3,
        "w": 3,
        "x": 13,
        "y": 6
      },
      "id": 18,
      "interval": null,
      "links": [],
      "mappingType": 1,
      "mappingTypes": [
        {
          "name": "value to text",
          "value": 1
        },
        {
          "name": "range to text",
          "value": 2
        }
      ],
      "maxDataPoints": 100,
      "nullPointMode": "connected",
      "nullText": null,
      "options": {},
      "postfix": "",
      "postfixFontSize": "50%",
      "prefix": "",
      "prefixFontSize": "50%",
      "rangeMaps": [
        {
          "from": "null",
          "text": "N/A",
          "to": "null"
        }
      ],
      "sparkline": {
        "fillColor": "rgba(31, 118, 189, 0.18)",
        "full": false,
        "lineColor": "rgb(31, 120, 193)",
        "show": false
      },
      "tableColumn": "",
      "targets": [
        {
          "bucketAggs": [
            {
              "field": "@timestamp",
              "id": "2",
              "settings": {
                "interval": "auto",
                "min_doc_count": 0,
                "trimEdges": 0
              },
              "type": "date_histogram"
            }
          ],
          "metrics": [
            {
              "field": "select field",
              "id": "1",
              "type": "count"
            }
          ],
          "query": "suricata.eve.event_type:alert AND suricata.eve.in_iface:vtnet1 AND suricata.eve.alert.severity:3",
          "refId": "A",
          "timeField": "@timestamp"
        }
      ],
      "thresholds": "",
      "title": "Low Severity",
      "type": "singlestat",
      "valueFontSize": "100%",
      "valueMaps": [
        {
          "op": "=",
          "text": "N/A",
          "value": "null"
        }
      ],
      "valueName": "total"
    },
    {
      "aliasColors": {},
      "bars": true,
      "dashLength": 10,
      "dashes": false,
      "datasource": "suricata",
      "decimals": null,
      "fill": 3,
      "gridPos": {
        "h": 8,
        "w": 13,
        "x": 0,
        "y": 9
      },
      "id": 3,
      "interval": "",
      "legend": {
        "alignAsTable": true,
        "avg": false,
        "current": false,
        "hideEmpty": true,
        "hideZero": true,
        "max": false,
        "min": false,
        "rightSide": true,
        "show": false,
        "sideWidth": null,
        "total": true,
        "values": true
      },
      "lines": false,
      "linewidth": 1,
      "links": [],
      "nullPointMode": "null as zero",
      "options": {},
      "percentage": false,
      "pointradius": 5,
      "points": false,
      "renderer": "flot",
      "seriesOverrides": [],
      "spaceLength": 10,
      "stack": true,
      "steppedLine": false,
      "targets": [
        {
          "bucketAggs": [
            {
              "fake": true,
              "field": "suricata.eve.alert.signature",
              "id": "3",
              "settings": {
                "min_doc_count": 1,
                "order": "desc",
                "orderBy": "_count",
                "size": "25"
              },
              "type": "terms"
            },
            {
              "field": "@timestamp",
              "id": "2",
              "settings": {
                "interval": "$interval",
                "min_doc_count": 0,
                "trimEdges": 0
              },
              "type": "date_histogram"
            }
          ],
          "dsType": "elasticsearch",
          "hide": false,
          "metrics": [
            {
              "field": "select field",
              "id": "1",
              "type": "count"
            }
          ],
          "query": "suricata.eve.event_type:alert AND suricata.eve.in_iface:vtnet1",
          "refId": "A",
          "timeField": "@timestamp"
        }
      ],
      "thresholds": [],
      "timeFrom": null,
      "timeRegions": [],
      "timeShift": null,
      "title": "Signatures - Top 25 Over Time",
      "tooltip": {
        "shared": true,
        "sort": 2,
        "value_type": "individual"
      },
      "transparent": true,
      "type": "graph",
      "xaxis": {
        "buckets": null,
        "mode": "time",
        "name": null,
        "show": true,
        "values": []
      },
      "yaxes": [
        {
          "format": "locale",
          "label": null,
          "logBase": 1,
          "max": null,
          "min": null,
          "show": true
        },
        {
          "format": "locale",
          "label": null,
          "logBase": 1,
          "max": null,
          "min": null,
          "show": true
        }
      ],
      "yaxis": {
        "align": false,
        "alignLevel": null
      }
    },
    {
      "aliasColors": {},
      "bars": true,
      "dashLength": 10,
      "dashes": false,
      "datasource": "suricata",
      "decimals": 1,
      "fill": 1,
      "gridPos": {
        "h": 8,
        "w": 11,
        "x": 13,
        "y": 9
      },
      "id": 16,
      "legend": {
        "alignAsTable": true,
        "avg": false,
        "current": false,
        "max": false,
        "min": false,
        "rightSide": true,
        "show": true,
        "total": true,
        "values": true
      },
      "lines": false,
      "linewidth": 1,
      "links": [],
      "nullPointMode": "null",
      "options": {},
      "percentage": false,
      "pointradius": 5,
      "points": false,
      "renderer": "flot",
      "seriesOverrides": [],
      "spaceLength": 10,
      "stack": false,
      "steppedLine": false,
      "targets": [
        {
          "alias": "{{suricata.eve.dest_port}}/{{suricata.eve.proto}}",
          "bucketAggs": [
            {
              "fake": true,
              "field": "suricata.eve.proto",
              "id": "4",
              "settings": {
                "min_doc_count": 1,
                "order": "desc",
                "orderBy": "_count",
                "size": "10"
              },
              "type": "terms"
            },
            {
              "fake": true,
              "field": "suricata.eve.dest_port",
              "id": "3",
              "settings": {
                "min_doc_count": 1,
                "order": "desc",
                "orderBy": "_count",
                "size": "10"
              },
              "type": "terms"
            },
            {
              "field": "@timestamp",
              "id": "2",
              "settings": {
                "interval": "$interval",
                "min_doc_count": 0,
                "trimEdges": 0
              },
              "type": "date_histogram"
            }
          ],
          "metrics": [
            {
              "field": "select field",
              "id": "1",
              "type": "count"
            }
          ],
          "query": "suricata.eve.event_type:alert AND suricata.eve.in_iface:vtnet1",
          "refId": "A",
          "timeField": "@timestamp"
        }
      ],
      "thresholds": [],
      "timeFrom": null,
      "timeRegions": [],
      "timeShift": null,
      "title": "Destination Ports - Top 25 Over Time",
      "tooltip": {
        "shared": true,
        "sort": 2,
        "value_type": "individual"
      },
      "transparent": true,
      "type": "graph",
      "xaxis": {
        "buckets": null,
        "mode": "time",
        "name": null,
        "show": true,
        "values": []
      },
      "yaxes": [
        {
          "format": "short",
          "label": null,
          "logBase": 1,
          "max": null,
          "min": null,
          "show": true
        },
        {
          "format": "short",
          "label": null,
          "logBase": 1,
          "max": null,
          "min": null,
          "show": true
        }
      ],
      "yaxis": {
        "align": false,
        "alignLevel": null
      }
    },
    {
      "circleMaxSize": "30",
      "circleMinSize": "2",
      "colors": [
        "rgba(50, 172, 45, 0.97)",
        "rgba(237, 129, 40, 0.89)",
        "rgba(245, 54, 54, 0.9)"
      ],
      "datasource": "suricata",
      "decimals": null,
      "esGeoPoint": "source.geo.location",
      "esLocationName": "suricata.eve.src_ip",
      "esMetric": "Count",
      "gridPos": {
        "h": 14,
        "w": 13,
        "x": 0,
        "y": 17
      },
      "hideEmpty": false,
      "hideZero": false,
      "id": 22,
      "initialZoom": "1",
      "links": [],
      "locationData": "geohash",
      "mapCenter": "(0�, 0�)",
      "mapCenterLatitude": 0,
      "mapCenterLongitude": 0,
      "maxDataPoints": 1,
      "mouseWheelZoom": false,
      "options": {},
      "showLegend": true,
      "stickyLabels": true,
      "tableQueryOptions": {
        "geohashField": "geohash",
        "latitudeField": "latitude",
        "longitudeField": "longitude",
        "metricField": "metric",
        "queryType": "geohash"
      },
      "targets": [
        {
          "bucketAggs": [
            {
              "fake": true,
              "field": "suricata.eve.src_ip",
              "id": "3",
              "settings": {
                "min_doc_count": 1,
                "order": "desc",
                "orderBy": "_count",
                "size": "20"
              },
              "type": "terms"
            },
            {
              "field": "source.geo.location",
              "id": "2",
              "settings": {
                "precision": 7
              },
              "type": "geohash_grid"
            }
          ],
          "metrics": [
            {
              "field": "select field",
              "id": "1",
              "meta": {},
              "settings": {},
              "type": "count"
            }
          ],
          "query": "suricata.eve.event_type:alert ANDsuricata.eve. in_iface:vtnet1",
          "refId": "A",
          "timeField": "@timestamp"
        }
      ],
      "thresholds": "0,100",
      "title": "Map by Source IP",
      "transparent": true,
      "type": "grafana-worldmap-panel",
      "unitPlural": "",
      "unitSingle": "",
      "valueName": "total"
    },
    {
      "aliasColors": {
        "50.88.130.85": "#0A50A1"
      },
      "bars": true,
      "dashLength": 10,
      "dashes": false,
      "datasource": "suricata",
      "fill": 4,
      "gridPos": {
        "h": 7,
        "w": 11,
        "x": 13,
        "y": 17
      },
      "id": 4,
      "interval": "",
      "legend": {
        "alignAsTable": true,
        "avg": false,
        "current": false,
        "max": false,
        "min": false,
        "rightSide": true,
        "show": true,
        "total": false,
        "values": false
      },
      "lines": false,
      "linewidth": 1,
      "links": [],
      "nullPointMode": "null",
      "options": {},
      "percentage": false,
      "pointradius": 5,
      "points": false,
      "renderer": "flot",
      "seriesOverrides": [],
      "spaceLength": 10,
      "stack": true,
      "steppedLine": false,
      "targets": [
        {
          "bucketAggs": [
            {
              "fake": true,
              "field": "suricata.eve.src_ip",
              "id": "3",
              "settings": {
                "min_doc_count": 1,
                "order": "desc",
                "orderBy": "_count",
                "size": "50"
              },
              "type": "terms"
            },
            {
              "field": "@timestamp",
              "id": "2",
              "settings": {
                "interval": "$interval",
                "min_doc_count": 0,
                "trimEdges": 0
              },
              "type": "date_histogram"
            }
          ],
          "dsType": "elasticsearch",
          "metrics": [
            {
              "field": "select field",
              "id": "1",
              "type": "count"
            }
          ],
          "query": "suricata.eve.event_type:alert AND suricata.eve.in_iface:vtnet1",
          "refId": "A",
          "timeField": "@timestamp"
        }
      ],
      "thresholds": [],
      "timeFrom": null,
      "timeRegions": [],
      "timeShift": null,
      "title": "Sources - Top 50 Over Time",
      "tooltip": {
        "shared": true,
        "sort": 0,
        "value_type": "individual"
      },
      "transparent": true,
      "type": "graph",
      "xaxis": {
        "buckets": null,
        "mode": "time",
        "name": null,
        "show": true,
        "values": []
      },
      "yaxes": [
        {
          "format": "short",
          "label": null,
          "logBase": 1,
          "max": null,
          "min": null,
          "show": true
        },
        {
          "format": "short",
          "label": null,
          "logBase": 1,
          "max": null,
          "min": null,
          "show": true
        }
      ],
      "yaxis": {
        "align": false,
        "alignLevel": null
      }
    },
    {
      "aliasColors": {
        "50.88.130.85": "#0A50A1",
        "74.125.136.94": "#6D1F62"
      },
      "bars": true,
      "dashLength": 10,
      "dashes": false,
      "datasource": "suricata",
      "fill": 3,
      "gridPos": {
        "h": 7,
        "w": 11,
        "x": 13,
        "y": 24
      },
      "id": 5,
      "interval": "",
      "legend": {
        "alignAsTable": true,
        "avg": false,
        "current": false,
        "max": false,
        "min": false,
        "rightSide": true,
        "show": true,
        "total": false,
        "values": false
      },
      "lines": false,
      "linewidth": 1,
      "links": [],
      "nullPointMode": "null",
      "options": {},
      "percentage": false,
      "pointradius": 5,
      "points": false,
      "renderer": "flot",
      "seriesOverrides": [],
      "spaceLength": 10,
      "stack": true,
      "steppedLine": true,
      "targets": [
        {
          "bucketAggs": [
            {
              "fake": true,
              "field": "suricata.eve.dest_ip",
              "id": "3",
              "settings": {
                "min_doc_count": 1,
                "order": "desc",
                "orderBy": "_count",
                "size": "50"
              },
              "type": "terms"
            },
            {
              "field": "@timestamp",
              "id": "2",
              "settings": {
                "interval": "$interval",
                "min_doc_count": 0,
                "trimEdges": 0
              },
              "type": "date_histogram"
            }
          ],
          "dsType": "elasticsearch",
          "metrics": [
            {
              "field": "select field",
              "id": "1",
              "type": "count"
            }
          ],
          "query": "suricata.eve.event_type:alert AND suricata.eve.in_iface:vtnet1",
          "refId": "A",
          "timeField": "@timestamp"
        }
      ],
      "thresholds": [],
      "timeFrom": null,
      "timeRegions": [],
      "timeShift": null,
      "title": "Destinations - Top 50 Over Time",
      "tooltip": {
        "shared": true,
        "sort": 2,
        "value_type": "individual"
      },
      "transparent": true,
      "type": "graph",
      "xaxis": {
        "buckets": null,
        "mode": "time",
        "name": null,
        "show": true,
        "values": []
      },
      "yaxes": [
        {
          "format": "short",
          "label": null,
          "logBase": 1,
          "max": null,
          "min": null,
          "show": true
        },
        {
          "format": "short",
          "label": null,
          "logBase": 1,
          "max": null,
          "min": null,
          "show": true
        }
      ],
      "yaxis": {
        "align": false,
        "alignLevel": null
      }
    }
  ],
  "refresh": "30s",
  "schemaVersion": 18,
  "style": "dark",
  "tags": [
    "firewall",
    "suricata"
  ],
  "templating": {
    "list": [
      {
        "auto": true,
        "auto_count": 30,
        "auto_min": "10s",
        "current": {
          "text": "1m",
          "value": "1m"
        },
        "hide": 0,
        "label": null,
        "name": "interval",
        "options": [
          {
            "selected": false,
            "text": "auto",
            "value": "$__auto_interval_interval"
          },
          {
            "selected": true,
            "text": "1m",
            "value": "1m"
          },
          {
            "selected": false,
            "text": "10m",
            "value": "10m"
          },
          {
            "selected": false,
            "text": "30m",
            "value": "30m"
          },
          {
            "selected": false,
            "text": "1h",
            "value": "1h"
          },
          {
            "selected": false,
            "text": "6h",
            "value": "6h"
          },
          {
            "selected": false,
            "text": "12h",
            "value": "12h"
          },
          {
            "selected": false,
            "text": "1d",
            "value": "1d"
          },
          {
            "selected": false,
            "text": "7d",
            "value": "7d"
          },
          {
            "selected": false,
            "text": "14d",
            "value": "14d"
          },
          {
            "selected": false,
            "text": "30d",
            "value": "30d"
          }
        ],
        "query": "1m,10m,30m,1h,6h,12h,1d,7d,14d,30d",
        "refresh": 2,
        "skipUrlSync": false,
        "type": "interval"
      },
      {
        "allValue": null,
        "current": {
          "text": "All",
          "value": "$__all"
        },
        "datasource": "suricata",
        "definition": "",
        "hide": 0,
        "includeAll": true,
        "label": "Interface",
        "multi": true,
        "name": "interface",
        "options": [],
        "query": "{\"find\":\"terms\", \"field\":\"in_iface.keyword\"}",
        "refresh": 1,
        "regex": "",
        "skipUrlSync": false,
        "sort": 0,
        "tagValuesQuery": "",
        "tags": [],
        "tagsQuery": "",
        "type": "query",
        "useTags": false
      }
    ]
  },
  "time": {
    "from": "now-6h",
    "to": "now"
  },
  "timepicker": {
    "refresh_intervals": [
      "5s",
      "10s",
      "30s",
      "1m",
      "5m",
      "15m",
      "30m",
      "1h",
      "2h",
      "1d"
    ],
    "time_options": [
      "5m",
      "15m",
      "1h",
      "6h",
      "12h",
      "24h",
      "2d",
      "7d",
      "30d"
    ]
  },
  "timezone": "",
  "title": "Main",
  "uid": "main",
  "version": 4
}